-- phpMyAdmin SQL Dump
-- version 3.5.1
-- http://www.phpmyadmin.net
--
-- Хост: 127.0.0.1
-- Время создания: Мар 09 2019 г., 01:15
-- Версия сервера: 5.5.25
-- Версия PHP: 5.3.13

SET SQL_MODE="NO_AUTO_VALUE_ON_ZERO";
SET time_zone = "+00:00";


/*!40101 SET @OLD_CHARACTER_SET_CLIENT=@@CHARACTER_SET_CLIENT */;
/*!40101 SET @OLD_CHARACTER_SET_RESULTS=@@CHARACTER_SET_RESULTS */;
/*!40101 SET @OLD_COLLATION_CONNECTION=@@COLLATION_CONNECTION */;
/*!40101 SET NAMES utf8 */;

--
-- База данных: `lab`
--

-- --------------------------------------------------------

--
-- Структура таблицы `job`
--

CREATE TABLE IF NOT EXISTS `job` (
  `j_id` int(11) NOT NULL AUTO_INCREMENT,
  `place_job` text NOT NULL,
  `position` text NOT NULL,
  PRIMARY KEY (`j_id`)
) ENGINE=InnoDB  DEFAULT CHARSET=utf8 AUTO_INCREMENT=38 ;

--
-- Дамп данных таблицы `job`
--

INSERT INTO `job` (`j_id`, `place_job`, `position`) VALUES
(3, 'mail', 'Арт директор'),
(5, '', ''),
(6, '123', '123'),
(7, 'цолрпоу', 'цуотп'),
(8, '123', 'цуотп'),
(9, 'цолрпоу', 'цуотп'),
(10, 'Интерком', 'инженер'),
(11, 'цолрпоу', 'цуотп'),
(12, 'цолрпоу', 'цуотп'),
(13, 'ФСБ', 'Начальник управления'),
(14, 'МГУ', 'Преподаватель'),
(16, 'Интерком', 'Старший инженер'),
(17, 'Яндекс', 'Системный администратор'),
(21, 'Вконтакте', 'web-дизайнер'),
(22, 'Елочка', 'Старший помощник младшего мойщика'),
(23, 'укпоукпт', 'авотук'),
(24, 'гугл', 'кок'),
(25, 'гугл', 'кок'),
(26, 'МГУ', 'Старший инженер'),
(27, '1', '1'),
(28, '1', '1'),
(29, '1', '1'),
(30, '1', '1'),
(31, '1', '1'),
(32, '1', '1'),
(33, '1', '1'),
(34, '1', '1'),
(35, 'gtt', 'hghth'),
(36, 'Яндекс', 'web-дизайнер'),
(37, 'Яндекс', 'web-дизайнер');

-- --------------------------------------------------------

--
-- Структура таблицы `main`
--

CREATE TABLE IF NOT EXISTS `main` (
  `id` int(11) NOT NULL AUTO_INCREMENT,
  `s_id` int(11) NOT NULL COMMENT 'surname id',
  `n_id` int(11) NOT NULL COMMENT 'name id',
  `p_id` int(11) NOT NULL COMMENT 'patronymic id',
  `sex` int(11) NOT NULL COMMENT '0-муж, 1-жен',
  `st_id` int(11) NOT NULL COMMENT 'street id',
  `house` int(11) NOT NULL COMMENT 'Номер дома',
  `building` int(11) NOT NULL COMMENT 'Корпус',
  `room` int(11) NOT NULL COMMENT 'Квартира',
  `phone` text NOT NULL COMMENT 'phone number',
  `email` text NOT NULL,
  `j_id` int(11) NOT NULL COMMENT 'job id',
  PRIMARY KEY (`id`)
) ENGINE=InnoDB  DEFAULT CHARSET=utf8 AUTO_INCREMENT=43 ;

--
-- Дамп данных таблицы `main`
--

INSERT INTO `main` (`id`, `s_id`, `n_id`, `p_id`, `sex`, `st_id`, `house`, `building`, `room`, `phone`, `email`, `j_id`) VALUES
(3, 3, 3, 3, 1, 3, 43, 2, 109, '89991029847', 'anna@mail.ru', 3),
(9, 9, 9, 9, 0, 9, 12, 1, 12, '89267277838', 'kom-tichon@yandex.ru', 9),
(10, 10, 10, 10, 0, 10, 12, 2, 34, '8947365892', 'cmol@gmail.com', 10),
(11, 12, 12, 12, 0, 12, 12, 1, 12, '89267277838', 'kom-tichon@yandex.ru', 11),
(12, 12, 12, 12, 0, 12, 12, 1, 12, '89267277838', 'kom-tichon@yandex.ru', 12),
(13, 13, 13, 13, 0, 13, 34, 2, 124, '89261324598', 'an@mail.ru', 13),
(14, 14, 14, 14, 0, 14, 32, 231, 2, '89375648374', 'al@ya.ru', 14),
(16, 16, 16, 16, 1, 16, 12, 2, 34, '8947365892', 'cmol@gmail.com', 16),
(17, 17, 17, 17, 0, 17, 1, 32, 123, '8493633273', 'lukiluveb@polyswarms.com', 17),
(21, 21, 30, 21, 0, 21, 10, 1, 34, '89267463872', 'anatol@ya.ru', 21),
(24, 26, 24, 24, 0, 24, 32, 3, 32, '23143432423', 'ытвапкт,,k', 24),
(25, 25, 25, 25, 0, 25, 432, 32, 324324, '4322', '4кбьптубт', 25),
(26, 26, 26, 26, 0, 26, 32, 23, 3213, '324234', 'цтоптполку', 26),
(27, 21, 21, 21, 0, 21, 3231, 1231, 31231, '14334232', 'тдтпот', 21),
(28, 29, 25, 29, 0, 23, 21, 23, 32, '324245е53', 'оукпроак', 29),
(29, 29, 25, 24, 0, 23, 1, 321, 2, '324', 'к пбр ', 24),
(30, 30, 25, 24, 0, 23, 1, 321, 2, '324', 'к пбр ', 25),
(31, 31, 26, 26, 0, 21, 21, 321, 2, '3432', 'kombo@ya.ru', 26),
(33, 32, 28, 27, 0, 24, 1, 1, 1, '1', '1', 28),
(34, 32, 28, 27, 0, 24, 1, 1, 1, '1', '1', 29),
(40, 35, 31, 13, 0, 1, 13, 2, 23, '245453454', 'mailmail.ru', 35),
(41, 26, 24, 12, 0, 26, 32, 1, 27, '892846374856', 'iv2013@ya.ru', 36),
(42, 26, 24, 12, 0, 26, 32, 1, 27, '892846374856', 'iv2013@ya.ru', 37);

-- --------------------------------------------------------

--
-- Структура таблицы `name`
--

CREATE TABLE IF NOT EXISTS `name` (
  `n_id` int(11) NOT NULL AUTO_INCREMENT,
  `name` text NOT NULL,
  PRIMARY KEY (`n_id`)
) ENGINE=InnoDB  DEFAULT CHARSET=utf8 AUTO_INCREMENT=32 ;

--
-- Дамп данных таблицы `name`
--

INSERT INTO `name` (`n_id`, `name`) VALUES
(1, 'Иван'),
(3, 'Анна'),
(5, ''),
(6, '123'),
(7, 'Коля'),
(8, 'Артем'),
(9, 'Артем'),
(10, 'Евгений'),
(11, 'Артем'),
(12, 'Артем'),
(13, 'Анатолий'),
(14, 'Александр'),
(15, 'Александр'),
(16, 'Евгения'),
(17, 'Дмитрий'),
(21, 'Анатолий'),
(22, 'Павель1'),
(23, 'Иван'),
(24, 'Иван'),
(25, 'Олег'),
(26, 'Петр'),
(27, 'Иван2'),
(28, '1'),
(29, '11'),
(30, 'Анатолийcgfg'),
(31, 'Влад');

-- --------------------------------------------------------

--
-- Структура таблицы `patronymic`
--

CREATE TABLE IF NOT EXISTS `patronymic` (
  `p_id` int(11) NOT NULL AUTO_INCREMENT,
  `patronymic` text NOT NULL,
  PRIMARY KEY (`p_id`)
) ENGINE=InnoDB  DEFAULT CHARSET=utf8 AUTO_INCREMENT=29 ;

--
-- Дамп данных таблицы `patronymic`
--

INSERT INTO `patronymic` (`p_id`, `patronymic`) VALUES
(1, 'Иванович'),
(3, 'Петровна'),
(5, ''),
(6, '123'),
(7, 'Васильевич'),
(8, 'Васильевич'),
(9, 'Васильевич'),
(10, 'Вадимович'),
(11, 'Васильевич'),
(12, 'Васильевич'),
(13, 'Игоревич'),
(14, 'Владимирович'),
(15, 'Владимирович'),
(16, 'Дмитровна'),
(17, 'Владимирович'),
(21, 'Борисович'),
(22, 'Андреевтч'),
(23, 'ыуа'),
(24, 'Арнольдович'),
(25, 'Олегович'),
(26, 'Владович'),
(27, '1'),
(28, '11');

-- --------------------------------------------------------

--
-- Структура таблицы `street`
--

CREATE TABLE IF NOT EXISTS `street` (
  `st_id` int(11) NOT NULL AUTO_INCREMENT,
  `street` text NOT NULL,
  PRIMARY KEY (`st_id`)
) ENGINE=InnoDB  DEFAULT CHARSET=utf8 AUTO_INCREMENT=27 ;

--
-- Дамп данных таблицы `street`
--

INSERT INTO `street` (`st_id`, `street`) VALUES
(1, 'Дубосековская'),
(3, 'Дмитровская'),
(5, ''),
(6, '123'),
(7, 'Большая'),
(8, 'Большая'),
(9, 'Большая'),
(10, 'Пушкарева'),
(11, 'Большая'),
(12, 'Большая'),
(13, 'Холынская'),
(14, 'Владыкина'),
(15, 'Владыкина'),
(16, 'Пушкарева'),
(17, 'Пушкарева'),
(21, 'Василеостровская'),
(22, 'Пушкина'),
(23, 'Пожарная'),
(24, '1'),
(25, '11'),
(26, 'Проспект мира');

-- --------------------------------------------------------

--
-- Структура таблицы `surname`
--

CREATE TABLE IF NOT EXISTS `surname` (
  `s_id` int(11) NOT NULL AUTO_INCREMENT,
  `surname` text NOT NULL,
  PRIMARY KEY (`s_id`)
) ENGINE=InnoDB  DEFAULT CHARSET=utf8 AUTO_INCREMENT=36 ;

--
-- Дамп данных таблицы `surname`
--

INSERT INTO `surname` (`s_id`, `surname`) VALUES
(1, 'Иванов'),
(3, 'Зарьянова'),
(5, 'qwe'),
(6, '123'),
(7, 'Николаев'),
(8, 'Николаев'),
(9, 'Николаев'),
(10, 'Смолов'),
(11, 'Николаев'),
(12, 'Николаев'),
(13, 'Гончаров'),
(14, 'Ермолов'),
(15, 'Ермолов'),
(16, 'Смолова'),
(17, 'Гончаров'),
(21, 'Комаров'),
(22, 'Гакнжела'),
(23, 'Иванов'),
(24, 'Иванов'),
(25, 'Иванов'),
(26, 'Иванов'),
(27, 'ячс'),
(28, 'Бологов'),
(29, 'Зарьянов'),
(30, 'Зарьянов2'),
(31, 'Шишкин'),
(33, '1'),
(34, '11'),
(35, 'Федоров');

/*!40101 SET CHARACTER_SET_CLIENT=@OLD_CHARACTER_SET_CLIENT */;
/*!40101 SET CHARACTER_SET_RESULTS=@OLD_CHARACTER_SET_RESULTS */;
/*!40101 SET COLLATION_CONNECTION=@OLD_COLLATION_CONNECTION */;
