-- phpMyAdmin SQL Dump
-- version 3.5.1
-- http://www.phpmyadmin.net
--
-- Хост: 127.0.0.1
-- Время создания: Июн 21 2016 г., 14:29
-- Версия сервера: 5.5.25
-- Версия PHP: 5.3.13

SET SQL_MODE="NO_AUTO_VALUE_ON_ZERO";
SET time_zone = "+00:00";


/*!40101 SET @OLD_CHARACTER_SET_CLIENT=@@CHARACTER_SET_CLIENT */;
/*!40101 SET @OLD_CHARACTER_SET_RESULTS=@@CHARACTER_SET_RESULTS */;
/*!40101 SET @OLD_COLLATION_CONNECTION=@@COLLATION_CONNECTION */;
/*!40101 SET NAMES utf8 */;

--
-- База данных: `diary`
--

-- --------------------------------------------------------

--
-- Структура таблицы `about_school`
--

CREATE TABLE IF NOT EXISTS `about_school` (
  `id` int(11) NOT NULL AUTO_INCREMENT,
  `full_name` text NOT NULL,
  `addres` text NOT NULL,
  `ind` text NOT NULL,
  `email` text NOT NULL,
  `phone_number` text NOT NULL,
  `director` text NOT NULL,
  `count_teachers` int(11) NOT NULL,
  `count_students` int(11) NOT NULL,
  PRIMARY KEY (`id`)
) ENGINE=InnoDB  DEFAULT CHARSET=utf8 AUTO_INCREMENT=231 ;

--
-- Дамп данных таблицы `about_school`
--

INSERT INTO `about_school` (`id`, `full_name`, `addres`, `ind`, `email`, `phone_number`, `director`, `count_teachers`, `count_students`) VALUES
(229, 'Гимназия №35', 'г.Орёл, уд Горького, д.43', '203040', 'school35@ya.ru', '441355', 'Новикова Мария Сергеевна', 2, 9),
(230, '1', '1', '1', '1', '1', '1 1 1', 1, 1);

-- --------------------------------------------------------

--
-- Структура таблицы `administrators`
--

CREATE TABLE IF NOT EXISTS `administrators` (
  `id` int(11) NOT NULL AUTO_INCREMENT,
  `login` text NOT NULL,
  `password` text NOT NULL,
  `id_school` int(11) NOT NULL,
  PRIMARY KEY (`id`)
) ENGINE=InnoDB  DEFAULT CHARSET=utf8 AUTO_INCREMENT=8 ;

--
-- Дамп данных таблицы `administrators`
--

INSERT INTO `administrators` (`id`, `login`, `password`, `id_school`) VALUES
(3, 'admin229', 'd41d8cd98f00b204e9800998ecf8427e', 229),
(4, 'admin229', '00406465c7c6d13cf46834c1e20b07d9', 229),
(5, 'admin230', 'd41d8cd98f00b204e9800998ecf8427e', 230),
(6, 'admin233', 'd41d8cd98f00b204e9800998ecf8427e', 233),
(7, 'admin230', 'd41d8cd98f00b204e9800998ecf8427e', 230);

-- --------------------------------------------------------

--
-- Структура таблицы `comments`
--

CREATE TABLE IF NOT EXISTS `comments` (
  `date` text NOT NULL,
  `comment` text NOT NULL,
  `id_student` int(11) NOT NULL,
  `class` int(11) NOT NULL,
  `id_school` int(11) NOT NULL,
  `subject` text NOT NULL,
  `FIO_teacher` text NOT NULL
) ENGINE=InnoDB DEFAULT CHARSET=utf8;

--
-- Дамп данных таблицы `comments`
--

INSERT INTO `comments` (`date`, `comment`, `id_student`, `class`, `id_school`, `subject`, `FIO_teacher`) VALUES
('23.02.2016', 'Опоздала на урок', 47, 11, 229, 'Физика', 'Кузнецова Наталья Сергеевна'),
('15.03.2016', '', 51, 11, 229, 'Физика', 'Кузнецова Наталья Сергеевна'),
('19.03.2016', 'Не выполнено домашнее задание!', 48, 11, 229, 'Информатика', 'Строгонова Мария Александровна'),
('19.03.2016', 'Опоздала на урок', 48, 11, 229, 'Физика', 'Кузнецова Наталья Сергеевна'),
('08.04.2016', 'Опоздала на урок...', 48, 11, 229, 'Физика', 'Кузнецова Наталья Сергеевна');

-- --------------------------------------------------------

--
-- Структура таблицы `comments_on_themes`
--

CREATE TABLE IF NOT EXISTS `comments_on_themes` (
  `id_theme` int(11) NOT NULL,
  `date` text NOT NULL,
  `author` text NOT NULL,
  `content` text NOT NULL
) ENGINE=InnoDB DEFAULT CHARSET=utf8;

--
-- Дамп данных таблицы `comments_on_themes`
--

INSERT INTO `comments_on_themes` (`id_theme`, `date`, `author`, `content`) VALUES
(14, '18.02.2016 3:11', 'Кузнецова Наталья Сергеевна', 'Предлагаю сократить перемены'),
(14, '16.03.2016 11:41', 'Белоногова Таисия Алексеевна', '1');

-- --------------------------------------------------------

--
-- Структура таблицы `homework`
--

CREATE TABLE IF NOT EXISTS `homework` (
  `date` varchar(11) NOT NULL,
  `subject` text NOT NULL,
  `homework` text NOT NULL,
  `class_number` int(11) NOT NULL,
  `id_school` int(11) NOT NULL
) ENGINE=InnoDB DEFAULT CHARSET=utf8;

--
-- Дамп данных таблицы `homework`
--

INSERT INTO `homework` (`date`, `subject`, `homework`, `class_number`, `id_school`) VALUES
('08.02.2016', 'Информатика', 'Массивы и циклы', 11, 166),
('11.02.2016', 'Иностранный язык', 'с.33 №4,5,6', 11, 166),
('22.02.2016', 'Русский язык', 'Подготовить сообщение на тему "Русский язык. Значение в современном мире"', 11, 208),
('07.03.2016', 'Информатика', '', 11, 229),
('17.03.2016', 'Физика', 'Параграф 20', 11, 229),
('17.03.2016', 'Физика', 'Упражнение 17', 11, 229),
('17.03.2016', 'Физика', 'Упражнение 17', 11, 229),
('18.03.2016', 'Информатика', 'gfhghjkjk', 11, 229),
('18.03.2016', 'Информатика', 'gfhghjkjjkdgr', 11, 229),
('11.04.2016', 'Физика', 'параграф 79. упр.65', 11, 229);

-- --------------------------------------------------------

--
-- Структура таблицы `marks`
--

CREATE TABLE IF NOT EXISTS `marks` (
  `mark` varchar(11) NOT NULL,
  `date` text NOT NULL,
  `subject` text NOT NULL,
  `id_student` int(11) NOT NULL,
  `class` int(11) NOT NULL,
  `id_school` int(11) NOT NULL
) ENGINE=InnoDB DEFAULT CHARSET=utf8;

--
-- Дамп данных таблицы `marks`
--

INSERT INTO `marks` (`mark`, `date`, `subject`, `id_student`, `class`, `id_school`) VALUES
('4', '19.02.2016', 'Физика', 49, 11, 229),
('3', '01.03.2016', 'Физика', 54, 11, 229),
('4', '29.02.2016', 'Физика', 50, 11, 229),
('5', '23.02.2016', 'Физика', 53, 11, 229),
('5', '23.03.2016', 'Информатика', 47, 11, 229),
('5', '23.03.2016', 'Физика', 47, 11, 229),
('3', '22.03.2016', 'Физика', 50, 11, 229),
('4', '15.03.2016', 'Физика', 47, 11, 229),
('3', '22.03.2016', 'Физика', 50, 11, 229),
('5', '17.03.2016', 'Физика', 49, 11, 229),
('5', '23.03.2016', 'Физика', 52, 11, 229),
('3', '22.03.2016', 'Физика', 50, 11, 229),
('5', '23.03.2016', 'Физика', 47, 11, 229),
('5', '23.03.2016', 'Физика', 47, 11, 229),
('5', '23.03.2016', 'Физика', 52, 11, 229),
('2', '22.03.2016', 'Физика', 54, 11, 229),
('3', '22.03.2016', 'Физика', 50, 11, 229),
('4', '30.03.2016', 'Информатика', 48, 11, 229),
('5', '23.03.2016', 'Информатика', 47, 11, 229),
('3', '19.03.2016', 'Информатика', 48, 11, 229),
('5', '16.03.2016', 'Информатика', 48, 11, 229),
('4', '23.03.2016', 'Информатика', 48, 11, 229),
('3', '01.04.2016', 'Информатика', 48, 11, 229),
('3', '04.04.2016', 'Информатика', 48, 11, 229),
('5', '08.04.2016', 'Информатика', 48, 11, 229),
('4', '11.04.2016', 'Информатика', 48, 11, 229),
('3', '15.04.2016', 'Информатика', 48, 11, 229),
('5', '23.03.2016', 'Информатика', 52, 11, 229),
('5', '16.03.2016', 'Физика', 48, 11, 229),
('4', '23.03.2016', 'Физика', 48, 11, 229),
('5', '20.03.2016', 'Физика', 48, 11, 229),
('5', '23.03.2016', 'Физика', 47, 11, 229),
('3', '19.03.2016', 'Физика', 48, 11, 229),
('4', '22.03.2016', 'Физика', 48, 11, 229),
('4', '26.03.2016', 'Физика', 48, 11, 229),
('5', '27.03.2016', 'Физика', 48, 11, 229),
('4', '30.03.2016', 'Физика', 48, 11, 229),
('3', '01.04.2016', 'Физика', 48, 11, 229),
('3', '22.03.2016', 'Физика', 50, 11, 229),
('5', '23.03.2016', 'Физика', 52, 11, 229),
('2', '22.03.2016', 'Физика', 54, 11, 229),
('4', '22.03.2016', 'Физика', 48, 11, 229),
('5', '23.03.2016', 'Физика', 47, 11, 229),
('5', '20.03.2016', 'Физика', 48, 11, 229),
('4', '23.03.2016', 'Физика', 48, 11, 229),
('3', '19.03.2016', 'Физика', 48, 11, 229),
('5', '16.03.2016', 'Физика', 48, 11, 229),
('4', '26.03.2016', 'Физика', 48, 11, 229),
('5', '27.03.2016', 'Физика', 48, 11, 229),
('4', '30.03.2016', 'Физика', 48, 11, 229),
('3', '01.04.2016', 'Физика', 48, 11, 229),
('4', '16.03.2016', 'Физика', 50, 11, 229),
('3', '22.03.2016', 'Физика', 50, 11, 229),
('5', '23.03.2016', 'Физика', 52, 11, 229),
('2', '22.03.2016', 'Физика', 54, 11, 229),
('4', '22.03.2016', 'Физика', 48, 11, 229),
('5', '23.03.2016', 'Физика', 47, 11, 229),
('5', '20.03.2016', 'Физика', 48, 11, 229),
('4', '23.03.2016', 'Физика', 48, 11, 229),
('5', '16.03.2016', 'Физика', 48, 11, 229),
('3', '19.03.2016', 'Физика', 48, 11, 229),
('4', '26.03.2016', 'Физика', 48, 11, 229),
('5', '27.03.2016', 'Физика', 48, 11, 229),
('4', '30.03.2016', 'Физика', 48, 11, 229),
('3', '01.04.2016', 'Физика', 48, 11, 229),
('4', '16.03.2016', 'Физика', 50, 11, 229),
('3', '22.03.2016', 'Физика', 50, 11, 229),
('5', '23.03.2016', 'Физика', 52, 11, 229),
('2', '22.03.2016', 'Физика', 54, 11, 229),
('4', '22.03.2016', 'Физика', 48, 11, 229),
('5', '23.03.2016', 'Физика', 47, 11, 229),
('5', '16.03.2016', 'Физика', 48, 11, 229),
('3', '19.03.2016', 'Физика', 48, 11, 229),
('4', '23.03.2016', 'Физика', 48, 11, 229),
('5', '20.03.2016', 'Физика', 48, 11, 229),
('2', '26.03.2016', 'Физика', 48, 11, 229),
('5', '27.03.2016', 'Физика', 48, 11, 229),
('4', '30.03.2016', 'Физика', 48, 11, 229),
('3', '01.04.2016', 'Физика', 48, 11, 229),
('4', '16.03.2016', 'Физика', 50, 11, 229),
('3', '22.03.2016', 'Физика', 50, 11, 229),
('5', '23.03.2016', 'Физика', 52, 11, 229),
('2', '22.03.2016', 'Физика', 54, 11, 229),
('5', '23.03.2016', 'Физика', 47, 11, 229),
('3', '19.03.2016', 'Физика', 48, 11, 229),
('4', '22.03.2016', 'Физика', 48, 11, 229),
('5', '16.03.2016', 'Физика', 48, 11, 229),
('5', '23.03.2016', 'Физика', 48, 11, 229),
('5', '20.03.2016', 'Физика', 48, 11, 229),
('2', '26.03.2016', 'Физика', 48, 11, 229),
('5', '27.03.2016', 'Физика', 48, 11, 229),
('4', '30.03.2016', 'Физика', 48, 11, 229),
('3', '01.04.2016', 'Физика', 48, 11, 229),
('4', '16.03.2016', 'Физика', 50, 11, 229),
('3', '22.03.2016', 'Физика', 50, 11, 229),
('5', '23.03.2016', 'Физика', 52, 11, 229),
('2', '22.03.2016', 'Физика', 54, 11, 229),
('5', '23.03.2016', 'Информатика', 48, 11, 229),
('3', '19.03.2016', 'Информатика', 48, 11, 229),
('4', '30.03.2016', 'Информатика', 48, 11, 229),
('5', '16.03.2016', 'Информатика', 48, 11, 229),
('2', '26.03.2016', 'Информатика', 48, 11, 229),
('5', '23.03.2016', 'Информатика', 47, 11, 229),
('3', '01.04.2016', 'Информатика', 48, 11, 229),
('3', '04.04.2016', 'Информатика', 48, 11, 229),
('5', '08.04.2016', 'Информатика', 48, 11, 229),
('4', '11.04.2016', 'Информатика', 48, 11, 229),
('3', '15.04.2016', 'Информатика', 48, 11, 229),
('5', '26.03.2016', 'Информатика', 49, 11, 229),
('4', '16.03.2016', 'Информатика', 50, 11, 229),
('5', '23.03.2016', 'Информатика', 52, 11, 229),
('5', '23.03.2016', 'Информатика', 47, 11, 229),
('3', '19.03.2016', 'Информатика', 48, 11, 229),
('2', '26.03.2016', 'Информатика', 48, 11, 229),
('5', '16.03.2016', 'Информатика', 48, 11, 229),
('5', '23.03.2016', 'Информатика', 48, 11, 229),
('4', '30.03.2016', 'Информатика', 48, 11, 229),
('3', '01.04.2016', 'Информатика', 48, 11, 229),
('3', '04.04.2016', 'Информатика', 48, 11, 229),
('5', '08.04.2016', 'Информатика', 48, 11, 229),
('4', '11.04.2016', 'Информатика', 48, 11, 229),
('3', '15.04.2016', 'Информатика', 48, 11, 229),
('4', '16.03.2016', 'Информатика', 49, 11, 229),
('5', '26.03.2016', 'Информатика', 49, 11, 229),
('4', '16.03.2016', 'Информатика', 50, 11, 229),
('5', '23.03.2016', 'Информатика', 52, 11, 229),
('5', '16.03.2016', 'Информатика', 48, 11, 229),
('4', '30.03.2016', 'Информатика', 48, 11, 229),
('5', '23.03.2016', 'Информатика', 47, 11, 229),
('5', '23.03.2016', 'Информатика', 48, 11, 229),
('2', '26.03.2016', 'Информатика', 48, 11, 229),
('3', '19.03.2016', 'Информатика', 48, 11, 229),
('3', '01.04.2016', 'Информатика', 48, 11, 229),
('3', '04.04.2016', 'Информатика', 48, 11, 229),
('5', '08.04.2016', 'Информатика', 48, 11, 229),
('4', '11.04.2016', 'Информатика', 48, 11, 229),
('3', '15.04.2016', 'Информатика', 48, 11, 229),
('4', '16.03.2016', 'Информатика', 49, 11, 229),
('5', '26.03.2016', 'Информатика', 49, 11, 229),
('4', '16.03.2016', 'Информатика', 50, 11, 229),
('5', '16.03.2016', 'Информатика', 51, 11, 229),
('5', '23.03.2016', 'Информатика', 52, 11, 229),
('3', '04.04.2016', 'Информатика', 48, 11, 229),
('4', '11.04.2016', 'Информатика', 48, 11, 229),
('5', '14.03.2016', 'Информатика', 48, 11, 229),
('3', '15.04.2016', 'Информатика', 48, 11, 229),
('5', '08.04.2016', 'Информатика', 48, 11, 229),
('3', '01.04.2016', 'Информатика', 48, 11, 229),
('4', '17.03.2016', '', 0, 0, 0),
('3', '22.03.2016', 'Физика', 50, 11, 229),
('4', '18.03.2016', 'Физика', 48, 11, 229),
('4', '22.03.2016', 'Физика', 48, 11, 229),
('5', '17.03.2016', 'Физика', 49, 11, 229),
('3', '01.04.2016', 'Физика', 48, 11, 229),
('2', '22.03.2016', 'Физика', 54, 11, 229),
('5', '25.03.2016', 'Информатика', 48, 11, 229),
('5', '14.03.2016', 'Информатика', 48, 11, 229),
('5', '08.04.2016', 'Информатика', 48, 11, 229),
('4', '18.03.2016', 'Информатика', 48, 11, 229),
('3', '01.04.2016', 'Информатика', 48, 11, 229),
('3', '04.04.2016', 'Информатика', 48, 11, 229),
('4', '11.04.2016', 'Информатика', 48, 11, 229),
('3', '15.04.2016', 'Информатика', 48, 11, 229),
('3', '15.04.2016', 'Физика', 48, 11, 229),
('5', '08.04.2016', 'Физика', 48, 11, 229),
('4', '11.04.2016', 'Физика', 48, 11, 229),
('2', '12.04.2016', 'Физика', 48, 11, 229),
('5', '08.04.2016', 'Физика', 48, 11, 229),
('4', '11.04.2016', 'Физика', 48, 11, 229),
('3', '15.04.2016', 'Физика', 48, 11, 229);

-- --------------------------------------------------------

--
-- Структура таблицы `news`
--

CREATE TABLE IF NOT EXISTS `news` (
  `date` text NOT NULL,
  `title` text NOT NULL,
  `content` text NOT NULL,
  `author` text NOT NULL,
  `id_school` int(11) NOT NULL
) ENGINE=InnoDB DEFAULT CHARSET=utf8;

--
-- Дамп данных таблицы `news`
--

INSERT INTO `news` (`date`, `title`, `content`, `author`, `id_school`) VALUES
('18.02.2016 3:10', 'Внимание! Род. собрание', 'Родительское собрание состоится 19.02.2016 в актовом зале', 'Кузнецова Наталья Сергеевна', 229),
('16.03.2016 11:39', 'Добрый день!', 'Добро Пожаловать в "Шаг в будущее"', 'Кузнецова Наталья Сергеевна', 229);

-- --------------------------------------------------------

--
-- Структура таблицы `parents`
--

CREATE TABLE IF NOT EXISTS `parents` (
  `id` int(11) NOT NULL AUTO_INCREMENT,
  `FIO` text NOT NULL,
  `id_child` int(11) NOT NULL,
  `id_school` int(11) NOT NULL,
  `login` text NOT NULL,
  `password` text NOT NULL,
  PRIMARY KEY (`id`)
) ENGINE=InnoDB  DEFAULT CHARSET=utf8 AUTO_INCREMENT=62 ;

--
-- Дамп данных таблицы `parents`
--

INSERT INTO `parents` (`id`, `FIO`, `id_child`, `id_school`, `login`, `password`) VALUES
(38, '   ', 47, 229, '642', '68d369fc517ecf2268daf6416939f735'),
(39, '   ', 47, 229, '560', '286aaf95320dac684d3c5e3b37ccea9a'),
(40, 'Белоногова Анастасия Андреевна', 48, 229, 'AnastasiyaBe403', 'efd5411f4e7537b3aae125f4adcc6a80'),
(41, 'Белоногов Алексей Петрович', 48, 229, 'AlekseyBe903', 'ac6ecad17d2f042143b8901a7bd450b2'),
(42, '   ', 49, 229, '771', 'efbfeaf1085b480b3aae3ac851cb127a'),
(43, '   ', 49, 229, '488', '497dd0059dea483c4b664b4bbba870ee'),
(44, 'Красильников Андрей Иванович', 50, 229, 'AndreyKr328', '41967a12927906f46ebc4214b2ead88a'),
(45, 'Красильникова Мария Алексеевна', 50, 229, 'MariyaKr17', '7bba7557033ec5a8bd30d717b6d5fb6a'),
(46, '   ', 51, 229, '41', 'c00dfa4a643b71e854366ace7ad2ede4'),
(47, '   ', 51, 229, '68', '72ce160a132f00ceaec6731e71090fc3'),
(48, '   ', 52, 229, '111', '0ccaa1746d5aee7473e1de445ca887a0'),
(49, '   ', 52, 229, '46', 'e79e2bb154faf4ec51163682bb042722'),
(50, '   ', 53, 229, '554', 'faf10931d510162ab96a1cc43e768a42'),
(51, '   ', 53, 229, '260', 'c7c09a3777aa84638b81ee9c238aa22b'),
(52, '   ', 54, 229, '942', 'e34e24233aa3374b52b9fdbd85328fc4'),
(53, '   ', 54, 229, '66', '2283d1fb67f9193002bcb61f7a694353'),
(54, '   ', 55, 229, '270', 'c259d243e2a00b701a6e7ebd2e3cf347'),
(55, '   ', 55, 229, '40', 'b3df074661640a935f1ff18bd1592622'),
(56, 'йц цук йц', 56, 230, 'tsukyt412', 'cba84838b2453f84df69b00a29e053e2'),
(57, 'йц цу ук', 56, 230, 'tsuyt457', '3f7bd9b373f6c2ad8148b4ccf6d1c3e7'),
(58, 'df df sdfg', 57, 233, 'dfdf762', 'a903bce254ce6a17be5a4186ea4388a7'),
(59, 'ergh ert erth', 57, 233, 'erter627', 'cc2ab830955232e0f0c299cc995a2b6c'),
(60, 'h u u', 56, 230, 'uh371', 'be84706cd1928079abadded4ac0dc2dc'),
(61, 'u u u', 56, 230, 'uu799', '5838cacd7a956ab430fa20180d4b80c5');

-- --------------------------------------------------------

--
-- Структура таблицы `schedule`
--

CREATE TABLE IF NOT EXISTS `schedule` (
  `id` int(11) NOT NULL AUTO_INCREMENT,
  `class` int(11) NOT NULL,
  `id_school` int(11) NOT NULL,
  `monday` text NOT NULL,
  `tuesday` text NOT NULL,
  `wednesday` text NOT NULL,
  `thursday` text NOT NULL,
  `friday` text NOT NULL,
  `saturday` text NOT NULL,
  PRIMARY KEY (`id`)
) ENGINE=InnoDB  DEFAULT CHARSET=utf8 AUTO_INCREMENT=266 ;

--
-- Дамп данных таблицы `schedule`
--

INSERT INTO `schedule` (`id`, `class`, `id_school`, `monday`, `tuesday`, `wednesday`, `thursday`, `friday`, `saturday`) VALUES
(243, 11, 229, 'Экология*Основы экономики*Химия*Геометрия*Физика*Информатика', 'Физика*Экология*Обществознание*Основы экономики*Биология*Литература', 'Мировая художественная культура (МХК)*Астрономия*Философия*ОБЖ*Алгебра*Геометрия', 'Химия*Биология*Русский язык*Иностранный язык*Физкультура*Физика', 'Правоведение*Информатика*Физика*География*Биология*Алгебра', 'Русский язык*Физкультура*Граждановедение*История*Алгебра*Геометрия'),
(244, 1, 230, 'апрапрпро*Правоведение', '', '', '', '', ''),
(245, 2, 230, '', '', '', '', '', ''),
(246, 3, 230, '', '', '', '', '', ''),
(247, 4, 230, '', '', '', '', '', ''),
(248, 5, 230, '', '', '', '', '', ''),
(249, 6, 230, '', '', '', '', '', ''),
(250, 7, 230, '', '', '', '', '', ''),
(251, 8, 230, '', '', '', '', '', ''),
(252, 9, 230, '', '', '', '', '', ''),
(253, 10, 230, '', '', '', '', '', ''),
(254, 11, 230, '', '', '', '', '', ''),
(255, 1, 230, 'Алгебра', '', '', '', '', ''),
(256, 2, 230, '', '', '', '', '', ''),
(257, 3, 230, '', '', '', '', '', ''),
(258, 4, 230, '', '', '', '', '', ''),
(259, 5, 230, '', '', '', '', '', ''),
(260, 6, 230, '', '', '', '', '', ''),
(261, 7, 230, '', '', '', '', '', ''),
(262, 8, 230, '', '', '', '', '', ''),
(263, 9, 230, '', '', '', '', '', ''),
(264, 10, 230, '', '', '', '', '', ''),
(265, 11, 230, '', '', '', '', '', '');

-- --------------------------------------------------------

--
-- Структура таблицы `students`
--

CREATE TABLE IF NOT EXISTS `students` (
  `id` int(11) NOT NULL AUTO_INCREMENT,
  `FIO` text NOT NULL,
  `id_school` int(11) NOT NULL,
  `class` text NOT NULL,
  `phone_number` text NOT NULL,
  `address` text NOT NULL,
  `login` text NOT NULL,
  `password` text NOT NULL,
  PRIMARY KEY (`id`)
) ENGINE=InnoDB  DEFAULT CHARSET=utf8 AUTO_INCREMENT=57 ;

--
-- Дамп данных таблицы `students`
--

INSERT INTO `students` (`id`, `FIO`, `id_school`, `class`, `phone_number`, `address`, `login`, `password`) VALUES
(47, 'Жукова Мария Ивановна', 229, '11', '89207463528', 'г.Орел, ул. Салтыкова-Щедрина, д.15', 'MariyaGu851', '1dbc0c5b732b57879581bf9133d4ead9'),
(48, 'Белоногова Таисия Алексеевна', 229, '11', '89206584735', 'г.Орел, ул. Салтыкова-Щедрина, д.15', 'TaisiyaBe934', '1e13722823e25b0db25c908730c4cf99'),
(49, 'Кокорев Вадим Степанович', 229, '11', '89207463528', 'г.Орел, ул. Салтыкова-Щедрина, д.15', 'VadimKo537', '81a778fae3327a2ae3a24e7ce7203776'),
(50, 'Красильников Александр Андреевич', 229, '11', '89207463528', 'г.Орел, ул. Салтыкова-Щедрина, д.15', 'AleksandrKr34', '7252c70cef20c364cd45a94aa52eea8e'),
(51, 'Алферов Александр Александрович', 229, '11', '89207463528', 'г.Орел, ул. Салтыкова-Щедрина, д.15', 'AleksandrAl700', 'c0fd3f2d7b3643167c5d523584f6531d'),
(52, 'Волкова Кристина Григорьевна', 229, '11', '89207463528', 'г.Орел, ул. Салтыкова-Щедрина, д.15', 'KristinaVo873', 'fdace807a3fe723b5d8ccedc97817621'),
(53, 'Ухов Александр Иванович', 229, '11', '89207463528', 'г.Орел, ул. Салтыкова-Щедрина, д.15', 'AleksandrUh798', '5a2fc8546f7c1f74e020adabbd4264b3'),
(54, 'Карпова Александра Андреевна', 229, '11', '89207463528', 'г.Орел, ул. Салтыкова-Щедрина, д.15', 'AleksandraKa83', 'c329fded517cefdffb1cffd40d7aef81'),
(55, 'Ревякина Кристина Алексеевна', 229, '11', '89207463528', 'г.Орел, ул. Салтыкова-Щедрина, д.15', 'KristinaRe528', '7ffbe0bf445eb1c70882d1faa781e797'),
(56, '  ', 230, '1', '', '', '540', 'b9354c0e8f065b10283c35b72f7795b2');

-- --------------------------------------------------------

--
-- Структура таблицы `teachers`
--

CREATE TABLE IF NOT EXISTS `teachers` (
  `id` int(11) NOT NULL AUTO_INCREMENT,
  `FIO` text NOT NULL,
  `id_school` int(11) NOT NULL,
  `subject` text NOT NULL,
  `classes` text NOT NULL,
  `phone_number` text NOT NULL,
  `email` text NOT NULL,
  `login` text NOT NULL,
  `password` text NOT NULL,
  PRIMARY KEY (`id`)
) ENGINE=InnoDB  DEFAULT CHARSET=utf8 AUTO_INCREMENT=200 ;

--
-- Дамп данных таблицы `teachers`
--

INSERT INTO `teachers` (`id`, `FIO`, `id_school`, `subject`, `classes`, `phone_number`, `email`, `login`, `password`) VALUES
(197, 'Строгонова Мария Александровна', 229, 'Информатика', '11^1', '892084635475', 'qwerty@ya.ru', 'MariyaSt896', '751bfe763cd961f9c9b82a93639ae70c'),
(198, 'Кузнецова Наталья Сергеевна', 229, 'Физика', '11', '89206437254', 'qwerty@ya.ru', 'Natal''yaKu793', '2fc0153e5ab43d956a7f9f2ada989e2f'),
(199, '  ', 230, 'jk', '3^1^1', '', '', '37', 'f9a9808473ab32f876c35c509ca95204');

-- --------------------------------------------------------

--
-- Структура таблицы `themes`
--

CREATE TABLE IF NOT EXISTS `themes` (
  `id` int(11) NOT NULL AUTO_INCREMENT,
  `date` text NOT NULL,
  `title` text NOT NULL,
  `content` text NOT NULL,
  `id_school` int(11) NOT NULL,
  `author` text NOT NULL,
  PRIMARY KEY (`id`)
) ENGINE=InnoDB  DEFAULT CHARSET=utf8 AUTO_INCREMENT=15 ;

--
-- Дамп данных таблицы `themes`
--

INSERT INTO `themes` (`id`, `date`, `title`, `content`, `id_school`, `author`) VALUES
(14, '18.02.2016 3:10', 'Предложения и пожелания', 'Здесь можно писать свои пожелания и предложения', 229, 'Кузнецова Наталья Сергеевна');

/*!40101 SET CHARACTER_SET_CLIENT=@OLD_CHARACTER_SET_CLIENT */;
/*!40101 SET CHARACTER_SET_RESULTS=@OLD_CHARACTER_SET_RESULTS */;
/*!40101 SET COLLATION_CONNECTION=@OLD_COLLATION_CONNECTION */;
